[{"model": "main.level", "pk": 1, "fields": {"level": "Level-1"}}, {"model": "main.level", "pk": 2, "fields": {"level": "Level-2"}}, {"model": "main.level", "pk": 3, "fields": {"level": "Level-3"}}, {"model": "main.level", "pk": 4, "fields": {"level": "Level-4"}}, {"model": "main.level", "pk": 5, "fields": {"level": "Level-5"}}, {"model": "main.level", "pk": 6, "fields": {"level": "Level-6"}}, {"model": "main.level", "pk": 7, "fields": {"level": "Level-7"}}, {"model": "main.level", "pk": 8, "fields": {"level": "Level-8"}}, {"model": "main.level", "pk": 9, "fields": {"level": "Level-9"}}, {"model": "main.level", "pk": 10, "fields": {"level": "Level-10"}}, {"model": "main.level", "pk": 11, "fields": {"level": "Module-1"}}, {"model": "main.level", "pk": 12, "fields": {"level": "Module-2"}}, {"model": "main.level", "pk": 13, "fields": {"level": "Module-3"}}, {"model": "main.level", "pk": 14, "fields": {"level": "Module-4"}}, {"model": "main.month", "pk": 1, "fields": {"month": "January"}}, {"model": "main.month", "pk": 2, "fields": {"month": "February"}}, {"model": "main.month", "pk": 3, "fields": {"month": "March"}}, {"model": "main.month", "pk": 4, "fields": {"month": "April"}}, {"model": "main.month", "pk": 5, "fields": {"month": "May"}}, {"model": "main.month", "pk": 6, "fields": {"month": "June"}}, {"model": "main.month", "pk": 7, "fields": {"month": "July"}}, {"model": "main.month", "pk": 8, "fields": {"month": "August"}}, {"model": "main.month", "pk": 9, "fields": {"month": "September"}}, {"model": "main.month", "pk": 10, "fields": {"month": "October"}}, {"model": "main.month", "pk": 11, "fields": {"month": "November"}}, {"model": "main.month", "pk": 12, "fields": {"month": "December"}}, {"model": "main.salaryrate", "pk": 1, "fields": {"salary_rate": 125, "date_added": "2018-07-08"}}, {"model": "main.feerate", "pk": 1, "fields": {"month_fee": 900, "level_fee": 2700, "exam_fee": 200, "registration_fee": 950, "date_added": "2018-07-08"}}, {"model": "main.royaltyrate", "pk": 1, "fields": {"month_royalty": 270, "level_royalty": 810, "exam_royalty": 200, "registration_royalty": 860, "date_added": "2018-07-08"}}, {"model": "main.centre", "pk": 1, "fields": {"name": "Brainobrain Bowenpally", "area": "Bowenpally", "code": "HY01"}}, {"model": "main.centre", "pk": 2, "fields": {"name": "Brainobrain Suchitra", "area": "Suchitra", "code": "HY38"}}, {"model": "main.teacher", "pk": 1, "fields": {"date_added": "2018-07-08", "name": "M Renuka", "phone": "9440751422", "email": "bob.renuka@gmail.com", "trained_max_level": 10}}, {"model": "main.teacher", "pk": 2, "fields": {"date_added": "2018-07-08", "name": "Rajini", "phone": "9441382959", "email": "rajini@gmail.com", "trained_max_level": 2}}, {"model": "main.teacher", "pk": 3, "fields": {"date_added": "2018-07-21", "name": "Dimple", "phone": "8142423401", "email": "dimplepankajshah@gmail.com", "trained_max_level": 10}}, {"model": "main.teacher", "pk": 4, "fields": {"date_added": "2018-07-21", "name": "Asha Ramakrishna", "phone": "9963248880", "email": "ashaamirapu@yahoo.com", "trained_max_level": 3}}, {"model": "main.teacher", "pk": 5, "fields": {"date_added": "2018-07-21", "name": "U Renuka devi", "phone": "9949901729", "email": "rupadhyayula@gmail.com", "trained_max_level": 8}}, {"model": "main.teacher", "pk": 6, "fields": {"date_added": "2018-07-21", "name": "Arwa Makda", "phone": "9502338986", "email": "arwaaamin-arwaknchwl@gmail.com", "trained_max_level": 4}}, {"model": "main.batch", "pk": 1, "fields": {"timing": "9AM-11AM", "day": "Sunday", "level": 4, "teacher": 1, "centre": 2, "level_start_date": "2018-04-02", "running_months": [4, 6, 7]}}, {"model": "main.batch", "pk": 2, "fields": {"timing": "11AM-1PM", "day": "Sunday", "level": 1, "teacher": 2, "centre": 2, "level_start_date": "2018-06-17", "running_months": [6, 7, 8]}}, {"model": "main.batch", "pk": 3, "fields": {"timing": "2PM-4PM", "day": "Saturday", "level": 10, "teacher": 1, "centre": 1, "level_start_date": "2018-04-01", "running_months": [4, 6, 7]}}, {"model": "main.batch", "pk": 4, "fields": {"timing": "10AM-12PM", "day": "Saturday", "level": 2, "teacher": 3, "centre": 2, "level_start_date": "2018-07-01", "running_months": [7, 8, 9]}}, {"model": "main.batch", "pk": 5, "fields": {"timing": "2PM-4PM", "day": "Saturday", "level": 5, "teacher": 3, "centre": 1, "level_start_date": "2018-06-02", "running_months": [6, 7, 8]}}, {"model": "main.batch", "pk": 6, "fields": {"timing": "4PM-6PM", "day": "Saturday", "level": 9, "teacher": 3, "centre": 1, "level_start_date": "2018-06-09", "running_months": [6, 7, 8]}}, {"model": "main.batch", "pk": 7, "fields": {"timing": "2PM-4PM", "day": "Saturday", "level": 3, "teacher": 4, "centre": 1, "level_start_date": "2018-07-07", "running_months": [7, 8, 9]}}, {"model": "main.batch", "pk": 8, "fields": {"timing": "4PM-6PM", "day": "Saturday", "level": 12, "teacher": 4, "centre": 1, "level_start_date": "2018-04-01", "running_months": [6, 7, 8]}}, {"model": "main.batch", "pk": 9, "fields": {"timing": "9AM-11AM", "day": "Sunday", "level": 2, "teacher": 4, "centre": 1, "level_start_date": "2018-06-01", "running_months": [6, 7, 8]}}, {"model": "main.batch", "pk": 10, "fields": {"timing": "9AM-11AM", "day": "Sunday", "level": 2, "teacher": 2, "centre": 2, "level_start_date": "2018-06-10", "running_months": [6, 7, 8]}}, {"model": "main.batch", "pk": 11, "fields": {"timing": "11AM-1PM", "day": "Sunday", "level": 4, "teacher": 1, "centre": 2, "level_start_date": "2018-04-08", "running_months": [4, 6, 7]}}, {"model": "main.batch", "pk": 12, "fields": {"timing": "3PM-5PM", "day": "Saturday", "level": 7, "teacher": 5, "centre": 1, "level_start_date": "2018-07-07", "running_months": [7, 8, 9]}}, {"model": "main.batch", "pk": 13, "fields": {"timing": "5PM-7PM", "day": "Saturday", "level": 8, "teacher": 5, "centre": 1, "level_start_date": "2018-01-01", "running_months": [6, 7, 8]}}, {"model": "main.batch", "pk": 14, "fields": {"timing": "9AM-11AM", "day": "Sunday", "level": 1, "teacher": 6, "centre": 1, "level_start_date": "2018-07-07", "running_months": [7, 8, 9]}}, {"model": "main.batch", "pk": 15, "fields": {"timing": "11AM-1PM", "day": "Sunday", "level": 4, "teacher": 6, "centre": 1, "level_start_date": "2018-01-01", "running_months": [7, 8, 9]}}, {"model": "main.batch", "pk": 16, "fields": {"timing": "3PM-5PM", "day": "Saturday", "level": 3, "teacher": 6, "centre": 2, "level_start_date": "2018-07-07", "running_months": [7, 8, 9]}}, {"model": "main.student", "pk": 1, "fields": {"name": "Nikhil Chandra", "code": "01", "gender": "Male", "batch": 1, "date_of_birth": "2000-11-28", "date_of_joining": "2018-07-07", "father_name": "Chandra Shekhar", "mother_name": "Renuka", "phone": "9494410800", "alt_phone": "9440751422", "email": "nkhl2811@gmail.com", "performance_rating": "Medium", "dropped": false, "date_dropped": null, "graduated": false, "date_graduated": null, "t_shirt_size": "XXL"}}, {"model": "main.student", "pk": 2, "fields": {"name": "G Sitara Reddy", "code": "S134", "gender": "Female", "batch": 2, "date_of_birth": "2008-05-13", "date_of_joining": "2018-06-23", "father_name": "G Rajendar Reddy", "mother_name": "G Satvika Reddy", "phone": "9618121000", "alt_phone": "9492101000", "email": "swathikareddyguddam@gmail.com", "performance_rating": "Medium", "dropped": false, "date_dropped": null, "graduated": false, "date_graduated": null, "t_shirt_size": "XL"}}, {"model": "main.student", "pk": 3, "fields": {"name": "K S P Sai Jasmitha", "code": "S125", "gender": "Female", "batch": 2, "date_of_birth": "2010-01-28", "date_of_joining": "2018-06-17", "father_name": "K Murali Krishna", "mother_name": "K Sailaja", "phone": "8187050428", "alt_phone": "9849588807", "email": "murali_karella1980@yahoo.co.in", "performance_rating": "Medium", "dropped": false, "date_dropped": null, "graduated": false, "date_graduated": null, "t_shirt_size": "L"}}, {"model": "main.student", "pk": 4, "fields": {"name": "Shiddharth Nair", "code": "S126", "gender": "Male", "batch": 2, "date_of_birth": "2009-04-23", "date_of_joining": "2018-06-17", "father_name": "Shyam Kumar K V", "mother_name": "Raji Shyam", "phone": "8008429829", "alt_phone": "9949094030", "email": "orion.doors@gmail.com", "performance_rating": "Medium", "dropped": false, "date_dropped": null, "graduated": false, "date_graduated": null, "t_shirt_size": "L"}}, {"model": "main.student", "pk": 5, "fields": {"name": "D Dipesh Jain", "code": "S127", "gender": "Male", "batch": 2, "date_of_birth": "2007-07-06", "date_of_joining": "2018-06-17", "father_name": "D Srinivas Jain", "mother_name": "D Swapna", "phone": "9908388672", "alt_phone": "7702301905", "email": "dspsrinivas@rediffmail.com", "performance_rating": "Medium", "dropped": false, "date_dropped": null, "graduated": false, "date_graduated": null, "t_shirt_size": "L"}}, {"model": "main.student", "pk": 6, "fields": {"name": "D Pritesh Jain", "code": "S128", "gender": "Male", "batch": 2, "date_of_birth": "2011-02-20", "date_of_joining": "2018-06-17", "father_name": "D Srinivas Jain", "mother_name": "D Swapna", "phone": "9908388672", "alt_phone": "7702301905", "email": "dspsrinivas@rediffmail.com", "performance_rating": "Medium", "dropped": false, "date_dropped": null, "graduated": false, "date_graduated": null, "t_shirt_size": "L"}}, {"model": "main.student", "pk": 7, "fields": {"name": "Somiselti Roshani Sri", "code": "S138", "gender": "Female", "batch": 2, "date_of_birth": "2011-09-02", "date_of_joining": "2018-06-17", "father_name": "S V Rao", "mother_name": "S Bhagya Lakshmi", "phone": "9764222354", "alt_phone": "8308803345", "email": "venky_somiselti@yahoo.com", "performance_rating": "Medium", "dropped": false, "date_dropped": null, "graduated": false, "date_graduated": null, "t_shirt_size": "L"}}, {"model": "main.student", "pk": 8, "fields": {"name": "Nimish Goyal", "code": "S123", "gender": "Male", "batch": 2, "date_of_birth": "2011-04-21", "date_of_joining": "2018-06-17", "father_name": "Ankit Goyal", "mother_name": "Rina Agarwal", "phone": "9951946000", "alt_phone": "9246200582", "email": "aghyd08@gmail.com", "performance_rating": "Medium", "dropped": false, "date_dropped": null, "graduated": false, "date_graduated": null, "t_shirt_size": "L"}}, {"model": "main.student", "pk": 9, "fields": {"name": "Nityam Goyal", "code": "S124", "gender": "Male", "batch": 2, "date_of_birth": "2007-04-10", "date_of_joining": "2018-06-17", "father_name": "Ankit Goyal", "mother_name": "Reena Agarwal", "phone": "9951946000", "alt_phone": "9246200582", "email": "aghyd08@gmail.com", "performance_rating": "Medium", "dropped": false, "date_dropped": null, "graduated": false, "date_graduated": null, "t_shirt_size": "L"}}, {"model": "main.student", "pk": 10, "fields": {"name": "Sashiv Dhatrik", "code": "S136", "gender": "Male", "batch": 2, "date_of_birth": "2010-11-25", "date_of_joining": "2018-06-17", "father_name": "Harish Dhatrik", "mother_name": "Sowmya Dhatrik", "phone": "7093535555", "alt_phone": "9959902266", "email": "harishdhatrik@gmail.com", "performance_rating": "Medium", "dropped": false, "date_dropped": null, "graduated": false, "date_graduated": null, "t_shirt_size": "L"}}, {"model": "main.student", "pk": 11, "fields": {"name": "G Shanti Tara Reddy", "code": "S135", "gender": "Female", "batch": 2, "date_of_birth": "2009-09-29", "date_of_joining": "2018-06-23", "father_name": "Rajendar Reddy", "mother_name": "Satvika Reddy", "phone": "9618121000", "alt_phone": "9492101000", "email": "swathikareddyguddam@gmail.com", "performance_rating": "Medium", "dropped": false, "date_dropped": null, "graduated": false, "date_graduated": null, "t_shirt_size": "L"}}, {"model": "main.student", "pk": 12, "fields": {"name": "A Srivika", "code": "S130", "gender": "Female", "batch": 2, "date_of_birth": null, "date_of_joining": "2018-06-24", "father_name": null, "mother_name": null, "phone": "9652555592", "alt_phone": null, "email": null, "performance_rating": "Medium", "dropped": false, "date_dropped": null, "graduated": false, "date_graduated": null, "t_shirt_size": "L"}}, {"model": "main.student", "pk": 13, "fields": {"name": "K Kartik", "code": "S131", "gender": "Male", "batch": 2, "date_of_birth": null, "date_of_joining": "2024-06-20", "father_name": null, "mother_name": null, "phone": "8978270699", "alt_phone": null, "email": null, "performance_rating": "Medium", "dropped": false, "date_dropped": null, "graduated": false, "date_graduated": null, "t_shirt_size": "M"}}, {"model": "main.student", "pk": 14, "fields": {"name": "K Bhavana", "code": "S132", "gender": "Female", "batch": 2, "date_of_birth": null, "date_of_joining": "2024-06-20", "father_name": null, "mother_name": null, "phone": "8978270699", "alt_phone": null, "email": null, "performance_rating": "Medium", "dropped": false, "date_dropped": null, "graduated": false, "date_graduated": null, "t_shirt_size": "L"}}, {"model": "main.student", "pk": 15, "fields": {"name": "Surya Bhavikk", "code": "S137", "gender": "Male", "batch": 2, "date_of_birth": null, "date_of_joining": "2030-06-20", "father_name": null, "mother_name": null, "phone": "8297094949", "alt_phone": "8096827382", "email": null, "performance_rating": "Medium", "dropped": false, "date_dropped": null, "graduated": false, "date_graduated": null, "t_shirt_size": "M"}}, {"model": "main.student", "pk": 16, "fields": {"name": "Shamita", "code": "S139", "gender": "Female", "batch": 2, "date_of_birth": null, "date_of_joining": "2026-06-20", "father_name": null, "mother_name": null, "phone": "9963554567", "alt_phone": null, "email": null, "performance_rating": "Medium", "dropped": false, "date_dropped": null, "graduated": false, "date_graduated": null, "t_shirt_size": "L"}}, {"model": "main.student", "pk": 17, "fields": {"name": "Sudhindra Nandan", "code": "S133", "gender": "Male", "batch": 2, "date_of_birth": null, "date_of_joining": "2024-06-20", "father_name": null, "mother_name": null, "phone": "9533860685", "alt_phone": "9515939340", "email": null, "performance_rating": "Medium", "dropped": false, "date_dropped": null, "graduated": false, "date_graduated": null, "t_shirt_size": "L"}}, {"model": "main.student", "pk": 18, "fields": {"name": "K Kartik Yogesh Kallol", "code": "387", "gender": "Male", "batch": 3, "date_of_birth": null, "date_of_joining": "2015-01-01", "father_name": null, "mother_name": null, "phone": "9010409540", "alt_phone": null, "email": null, "performance_rating": "Medium", "dropped": false, "date_dropped": null, "graduated": false, "date_graduated": null, "t_shirt_size": "XL"}}, {"model": "main.student", "pk": 19, "fields": {"name": "Johanan", "code": "340", "gender": "Male", "batch": 3, "date_of_birth": null, "date_of_joining": "2015-01-01", "father_name": null, "mother_name": null, "phone": "8008344466", "alt_phone": null, "email": null, "performance_rating": "Medium", "dropped": false, "date_dropped": null, "graduated": false, "date_graduated": null, "t_shirt_size": "XL"}}, {"model": "main.student", "pk": 20, "fields": {"name": "Shiva Sanjeev Reddy", "code": "362", "gender": "Male", "batch": 3, "date_of_birth": null, "date_of_joining": "2015-06-17", "father_name": null, "mother_name": "Pavana kumari", "phone": "8106330562", "alt_phone": null, "email": null, "performance_rating": "Medium", "dropped": false, "date_dropped": null, "graduated": false, "date_graduated": null, "t_shirt_size": "XL"}}, {"model": "main.student", "pk": 21, "fields": {"name": "A Aarav Reddy", "code": "S98", "gender": "Male", "batch": 10, "date_of_birth": null, "date_of_joining": "2018-12-01", "father_name": null, "mother_name": null, "phone": "8978973464", "alt_phone": null, "email": null, "performance_rating": "Medium", "dropped": false, "date_dropped": null, "graduated": false, "date_graduated": null, "t_shirt_size": "M"}}, {"model": "main.student", "pk": 22, "fields": {"name": "G Vignesh", "code": "S100", "gender": "Male", "batch": 10, "date_of_birth": null, "date_of_joining": "2017-12-03", "father_name": null, "mother_name": null, "phone": "9347811660", "alt_phone": "9959752245", "email": null, "performance_rating": "Medium", "dropped": false, "date_dropped": null, "graduated": false, "date_graduated": null, "t_shirt_size": "M"}}, {"model": "main.student", "pk": 23, "fields": {"name": "K Dheeraj Reddy", "code": "S39", "gender": "Male", "batch": 10, "date_of_birth": null, "date_of_joining": "2017-01-01", "father_name": null, "mother_name": "Usha", "phone": "7680008888", "alt_phone": null, "email": null, "performance_rating": "Medium", "dropped": false, "date_dropped": null, "graduated": false, "date_graduated": null, "t_shirt_size": "M"}}, {"model": "main.student", "pk": 24, "fields": {"name": "Rishita Rao", "code": "S85", "gender": "Female", "batch": 10, "date_of_birth": null, "date_of_joining": "2017-10-01", "father_name": null, "mother_name": null, "phone": "8008944624", "alt_phone": null, "email": null, "performance_rating": "Medium", "dropped": false, "date_dropped": null, "graduated": false, "date_graduated": null, "t_shirt_size": "M"}}, {"model": "main.student", "pk": 25, "fields": {"name": "D Deeksha", "code": "S106", "gender": "Female", "batch": 10, "date_of_birth": null, "date_of_joining": "2017-12-03", "father_name": null, "mother_name": null, "phone": "8247448736", "alt_phone": null, "email": null, "performance_rating": "Medium", "dropped": false, "date_dropped": null, "graduated": false, "date_graduated": null, "t_shirt_size": "M"}}, {"model": "main.student", "pk": 26, "fields": {"name": "Tarun Kumar Suthar", "code": "S115", "gender": "Male", "batch": 10, "date_of_birth": null, "date_of_joining": "2018-03-04", "father_name": null, "mother_name": null, "phone": "9441184214", "alt_phone": "8309992725", "email": null, "performance_rating": "Medium", "dropped": false, "date_dropped": null, "graduated": false, "date_graduated": null, "t_shirt_size": "M"}}, {"model": "main.student", "pk": 27, "fields": {"name": "K Surya", "code": "S112", "gender": "Male", "batch": 10, "date_of_birth": null, "date_of_joining": "2018-03-04", "father_name": null, "mother_name": null, "phone": "9704197770", "alt_phone": null, "email": null, "performance_rating": "Medium", "dropped": false, "date_dropped": null, "graduated": false, "date_graduated": null, "t_shirt_size": "XXL"}}, {"model": "main.student", "pk": 28, "fields": {"name": "M Srivika reddy", "code": "S113", "gender": "Female", "batch": 10, "date_of_birth": null, "date_of_joining": "2018-03-04", "father_name": null, "mother_name": null, "phone": "9701001110", "alt_phone": null, "email": null, "performance_rating": "Medium", "dropped": false, "date_dropped": null, "graduated": false, "date_graduated": null, "t_shirt_size": "XL"}}, {"model": "main.student", "pk": 29, "fields": {"name": "S Nikhila sri", "code": "S114", "gender": "Female", "batch": 10, "date_of_birth": null, "date_of_joining": "2018-03-04", "father_name": null, "mother_name": null, "phone": "9764222354", "alt_phone": null, "email": null, "performance_rating": "Medium", "dropped": false, "date_dropped": null, "graduated": false, "date_graduated": null, "t_shirt_size": "XL"}}, {"model": "main.student", "pk": 30, "fields": {"name": "T Satya Jaswanth", "code": "S116", "gender": "Male", "batch": 10, "date_of_birth": null, "date_of_joining": "2018-03-04", "father_name": "Hari", "mother_name": null, "phone": "9493325566", "alt_phone": "9705942484", "email": null, "performance_rating": "Medium", "dropped": false, "date_dropped": null, "graduated": false, "date_graduated": null, "t_shirt_size": "XXL"}}, {"model": "main.student", "pk": 31, "fields": {"name": "T Naga Pranav", "code": "S117", "gender": "Male", "batch": 10, "date_of_birth": null, "date_of_joining": null, "father_name": null, "mother_name": "Archana", "phone": "7993615531", "alt_phone": null, "email": null, "performance_rating": "Medium", "dropped": false, "date_dropped": null, "graduated": false, "date_graduated": null, "t_shirt_size": "XL"}}, {"model": "main.student", "pk": 32, "fields": {"name": "Sai Shreshta", "code": "S118", "gender": "Female", "batch": 10, "date_of_birth": null, "date_of_joining": "2018-03-04", "father_name": null, "mother_name": null, "phone": "9866640102", "alt_phone": null, "email": null, "performance_rating": "Medium", "dropped": false, "date_dropped": null, "graduated": false, "date_graduated": null, "t_shirt_size": "L"}}, {"model": "main.student", "pk": 33, "fields": {"name": "Aryan", "code": "S119", "gender": "Male", "batch": 10, "date_of_birth": null, "date_of_joining": "2018-03-04", "father_name": null, "mother_name": null, "phone": "7674927312", "alt_phone": null, "email": null, "performance_rating": "Medium", "dropped": false, "date_dropped": null, "graduated": false, "date_graduated": null, "t_shirt_size": "L"}}, {"model": "main.student", "pk": 34, "fields": {"name": "Aditi", "code": "S120", "gender": "Male", "batch": 10, "date_of_birth": null, "date_of_joining": null, "father_name": null, "mother_name": null, "phone": "7674927312", "alt_phone": null, "email": null, "performance_rating": "Medium", "dropped": false, "date_dropped": null, "graduated": false, "date_graduated": null, "t_shirt_size": "L"}}, {"model": "main.student", "pk": 35, "fields": {"name": "Aarsh sharma", "code": "S121", "gender": "Male", "batch": 10, "date_of_birth": null, "date_of_joining": "2018-03-04", "father_name": null, "mother_name": null, "phone": "7032800127", "alt_phone": "9912023000", "email": null, "performance_rating": "Medium", "dropped": false, "date_dropped": null, "graduated": false, "date_graduated": null, "t_shirt_size": "M"}}, {"model": "main.student", "pk": 36, "fields": {"name": "Astha", "code": "S122", "gender": "Female", "batch": 10, "date_of_birth": null, "date_of_joining": "2018-03-04", "father_name": null, "mother_name": null, "phone": "9676109990", "alt_phone": null, "email": null, "performance_rating": "Medium", "dropped": false, "date_dropped": null, "graduated": false, "date_graduated": null, "t_shirt_size": "XL"}}, {"model": "main.student", "pk": 37, "fields": {"name": "Hari Praveen JM", "code": "S44", "gender": "Male", "batch": 4, "date_of_birth": null, "date_of_joining": "2017-09-02", "father_name": null, "mother_name": "Mohana Priya", "phone": "7893932247", "alt_phone": null, "email": null, "performance_rating": "Medium", "dropped": false, "date_dropped": null, "graduated": false, "date_graduated": null, "t_shirt_size": "L"}}, {"model": "main.student", "pk": 38, "fields": {"name": "M Tanvi", "code": "S50", "gender": "Female", "batch": 4, "date_of_birth": null, "date_of_joining": null, "father_name": null, "mother_name": "Lalitha", "phone": "9700123666", "alt_phone": null, "email": null, "performance_rating": "Medium", "dropped": false, "date_dropped": null, "graduated": false, "date_graduated": null, "t_shirt_size": "L"}}, {"model": "main.student", "pk": 39, "fields": {"name": "Yiashas Ladda", "code": "S51", "gender": "Male", "batch": 4, "date_of_birth": null, "date_of_joining": "2017-09-02", "father_name": null, "mother_name": "Swati", "phone": "9966664860", "alt_phone": null, "email": null, "performance_rating": "Medium", "dropped": false, "date_dropped": null, "graduated": false, "date_graduated": null, "t_shirt_size": "L"}}, {"model": "main.student", "pk": 40, "fields": {"name": "Nandan Kumar", "code": "S160", "gender": "Male", "batch": 4, "date_of_birth": null, "date_of_joining": "2017-09-02", "father_name": null, "mother_name": "Revati", "phone": "9030269869", "alt_phone": null, "email": null, "performance_rating": "Medium", "dropped": false, "date_dropped": null, "graduated": false, "date_graduated": null, "t_shirt_size": "L"}}, {"model": "main.student", "pk": 41, "fields": {"name": "Aaditya Mangla", "code": "S103", "gender": "Male", "batch": 4, "date_of_birth": null, "date_of_joining": "2017-12-03", "father_name": null, "mother_name": null, "phone": "8860541757", "alt_phone": null, "email": null, "performance_rating": "Medium", "dropped": false, "date_dropped": null, "graduated": false, "date_graduated": null, "t_shirt_size": "L"}}, {"model": "main.student", "pk": 42, "fields": {"name": "Prabhav Karumuri", "code": "S104", "gender": "Male", "batch": 4, "date_of_birth": null, "date_of_joining": "2018-07-23", "father_name": null, "mother_name": "Usha", "phone": "9550719812", "alt_phone": null, "email": null, "performance_rating": "Medium", "dropped": false, "date_dropped": null, "graduated": false, "date_graduated": null, "t_shirt_size": "L"}}, {"model": "main.student", "pk": 43, "fields": {"name": "Kushboo Rajpurohit", "code": "S106", "gender": "Female", "batch": 4, "date_of_birth": null, "date_of_joining": "2017-12-03", "father_name": null, "mother_name": null, "phone": "9963725472", "alt_phone": "9490935472", "email": null, "performance_rating": "Medium", "dropped": false, "date_dropped": null, "graduated": false, "date_graduated": null, "t_shirt_size": "M"}}, {"model": "main.student", "pk": 44, "fields": {"name": "Dharmaji Vanshik Virat", "code": "S69", "gender": "Male", "batch": 4, "date_of_birth": null, "date_of_joining": "2017-10-07", "father_name": null, "mother_name": null, "phone": "9985650205", "alt_phone": null, "email": null, "performance_rating": "Medium", "dropped": false, "date_dropped": null, "graduated": false, "date_graduated": null, "t_shirt_size": "M"}}, {"model": "main.student", "pk": 45, "fields": {"name": "Aadhithya Sastry", "code": "S78", "gender": "Male", "batch": 4, "date_of_birth": null, "date_of_joining": "2017-10-07", "father_name": null, "mother_name": null, "phone": "9394757334", "alt_phone": null, "email": null, "performance_rating": "Medium", "dropped": false, "date_dropped": null, "graduated": false, "date_graduated": null, "t_shirt_size": "L"}}, {"model": "main.student", "pk": 46, "fields": {"name": "Samanvii Bootla", "code": "S80", "gender": "Female", "batch": 4, "date_of_birth": null, "date_of_joining": "2017-10-07", "father_name": null, "mother_name": null, "phone": "8790548368", "alt_phone": null, "email": null, "performance_rating": "Medium", "dropped": false, "date_dropped": null, "graduated": false, "date_graduated": null, "t_shirt_size": "L"}}, {"model": "main.student", "pk": 47, "fields": {"name": "Maauli Tembe", "code": "S1", "gender": "Female", "batch": 11, "date_of_birth": null, "date_of_joining": "2016-07-03", "father_name": null, "mother_name": "Vandana", "phone": "9912055501", "alt_phone": null, "email": null, "performance_rating": "High", "dropped": false, "date_dropped": null, "graduated": false, "date_graduated": null, "t_shirt_size": "L"}}, {"model": "main.student", "pk": 48, "fields": {"name": "Rida Fathima", "code": "S4", "gender": "Female", "batch": 11, "date_of_birth": null, "date_of_joining": "2016-07-03", "father_name": null, "mother_name": "Saida", "phone": "9848734904", "alt_phone": null, "email": null, "performance_rating": "Medium", "dropped": false, "date_dropped": null, "graduated": false, "date_graduated": null, "t_shirt_size": "XL"}}, {"model": "main.student", "pk": 49, "fields": {"name": "Yashwanth babu", "code": "S13", "gender": "Male", "batch": 11, "date_of_birth": null, "date_of_joining": "2016-07-03", "father_name": null, "mother_name": "Lata", "phone": "9391294086", "alt_phone": null, "email": null, "performance_rating": "Medium", "dropped": false, "date_dropped": null, "graduated": false, "date_graduated": null, "t_shirt_size": "XL"}}, {"model": "main.student", "pk": 50, "fields": {"name": "Sashvitha Reddy", "code": "S9", "gender": "Female", "batch": 11, "date_of_birth": null, "date_of_joining": "2016-07-03", "father_name": "Mahipal Reddy", "mother_name": null, "phone": "9492434404", "alt_phone": "9490579750", "email": null, "performance_rating": "High", "dropped": false, "date_dropped": null, "graduated": false, "date_graduated": null, "t_shirt_size": "M"}}, {"model": "main.student", "pk": 51, "fields": {"name": "P Siddhiksha", "code": "S11", "gender": "Female", "batch": 11, "date_of_birth": null, "date_of_joining": "2016-07-03", "father_name": null, "mother_name": "Swati", "phone": "9550752414", "alt_phone": null, "email": null, "performance_rating": "High", "dropped": false, "date_dropped": null, "graduated": false, "date_graduated": null, "t_shirt_size": "M"}}, {"model": "main.student", "pk": 52, "fields": {"name": "Nubaid", "code": "S15", "gender": "Male", "batch": 11, "date_of_birth": null, "date_of_joining": "2016-07-03", "father_name": null, "mother_name": "Sakeena", "phone": "8096151144", "alt_phone": null, "email": null, "performance_rating": "Medium", "dropped": false, "date_dropped": null, "graduated": false, "date_graduated": null, "t_shirt_size": "XL"}}, {"model": "main.student", "pk": 53, "fields": {"name": "Saharsh Reddy", "code": "S20", "gender": "Male", "batch": 11, "date_of_birth": null, "date_of_joining": "2016-07-03", "father_name": "Harish reddy", "mother_name": "Sandhya", "phone": "9000456452", "alt_phone": null, "email": null, "performance_rating": "High", "dropped": false, "date_dropped": null, "graduated": false, "date_graduated": null, "t_shirt_size": "L"}}, {"model": "main.student", "pk": 54, "fields": {"name": "K Praneeth", "code": "S18", "gender": "Male", "batch": 11, "date_of_birth": null, "date_of_joining": "2016-07-03", "father_name": null, "mother_name": "Sathya", "phone": "9885995823", "alt_phone": "9393859797", "email": null, "performance_rating": "Medium", "dropped": false, "date_dropped": null, "graduated": false, "date_graduated": null, "t_shirt_size": "S"}}, {"model": "main.student", "pk": 55, "fields": {"name": "R Samanvi", "code": "S21", "gender": "Female", "batch": 1, "date_of_birth": null, "date_of_joining": "2016-11-06", "father_name": null, "mother_name": "Padmaja", "phone": "9848048822", "alt_phone": null, "email": null, "performance_rating": "High", "dropped": false, "date_dropped": null, "graduated": false, "date_graduated": null, "t_shirt_size": "L"}}, {"model": "main.student", "pk": 56, "fields": {"name": "R Sanvi", "code": "S22", "gender": "Female", "batch": 1, "date_of_birth": null, "date_of_joining": "2016-11-06", "father_name": null, "mother_name": "Padmaja", "phone": "9848048822", "alt_phone": null, "email": null, "performance_rating": "High", "dropped": false, "date_dropped": null, "graduated": false, "date_graduated": null, "t_shirt_size": "L"}}, {"model": "main.student", "pk": 57, "fields": {"name": "A Harshitha", "code": "S23", "gender": "Female", "batch": 1, "date_of_birth": null, "date_of_joining": "2017-11-03", "father_name": "Madhu", "mother_name": "Ramani", "phone": "9346409851", "alt_phone": "7989309669", "email": null, "performance_rating": "Medium", "dropped": false, "date_dropped": null, "graduated": false, "date_graduated": null, "t_shirt_size": "M"}}, {"model": "main.student", "pk": 58, "fields": {"name": "Garima Rajpurohit", "code": "S33", "gender": "Female", "batch": 1, "date_of_birth": null, "date_of_joining": "2016-11-03", "father_name": null, "mother_name": null, "phone": "9963725472", "alt_phone": "9490935472", "email": null, "performance_rating": "Low", "dropped": false, "date_dropped": null, "graduated": false, "date_graduated": null, "t_shirt_size": "M"}}, {"model": "main.student", "pk": 59, "fields": {"name": "Sai Sadhvi", "code": "S25", "gender": "Female", "batch": 1, "date_of_birth": null, "date_of_joining": "2017-11-03", "father_name": null, "mother_name": "Padmaja", "phone": "9989129737", "alt_phone": null, "email": null, "performance_rating": "Medium", "dropped": false, "date_dropped": null, "graduated": false, "date_graduated": null, "t_shirt_size": "M"}}, {"model": "main.student", "pk": 60, "fields": {"name": "MD Rizwan", "code": "S30", "gender": "Male", "batch": 11, "date_of_birth": null, "date_of_joining": "2017-02-07", "father_name": null, "mother_name": null, "phone": "9666693540", "alt_phone": null, "email": null, "performance_rating": "Medium", "dropped": false, "date_dropped": null, "graduated": false, "date_graduated": null, "t_shirt_size": "XL"}}, {"model": "main.student", "pk": 61, "fields": {"name": "Ashish", "code": "S31", "gender": "Male", "batch": 11, "date_of_birth": null, "date_of_joining": "2017-02-05", "father_name": null, "mother_name": null, "phone": "8341004852", "alt_phone": null, "email": null, "performance_rating": "Medium", "dropped": false, "date_dropped": null, "graduated": false, "date_graduated": null, "t_shirt_size": "XL"}}, {"model": "main.student", "pk": 62, "fields": {"name": "Thanuja", "code": "S32", "gender": "Female", "batch": 1, "date_of_birth": null, "date_of_joining": "2017-02-05", "father_name": null, "mother_name": "Padmaja", "phone": "9989129737", "alt_phone": null, "email": null, "performance_rating": "High", "dropped": false, "date_dropped": null, "graduated": false, "date_graduated": null, "t_shirt_size": "XXL"}}, {"model": "main.student", "pk": 63, "fields": {"name": "Kushwant Rajpurohit", "code": "S90", "gender": "Male", "batch": 1, "date_of_birth": null, "date_of_joining": "2017-02-05", "father_name": null, "mother_name": null, "phone": "9963725472", "alt_phone": "9490935472", "email": null, "performance_rating": "Medium", "dropped": false, "date_dropped": null, "graduated": false, "date_graduated": null, "t_shirt_size": "XL"}}, {"model": "main.student", "pk": 64, "fields": {"name": "Surya Charan", "code": "S39", "gender": "Female", "batch": 1, "date_of_birth": null, "date_of_joining": "2017-02-05", "father_name": null, "mother_name": null, "phone": "9948006547", "alt_phone": null, "email": null, "performance_rating": "Medium", "dropped": false, "date_dropped": null, "graduated": false, "date_graduated": null, "t_shirt_size": "XL"}}, {"model": "main.student", "pk": 65, "fields": {"name": "K Keerthika Reddy", "code": "S39", "gender": "Female", "batch": 1, "date_of_birth": null, "date_of_joining": "2017-02-05", "father_name": null, "mother_name": "Usha", "phone": "7680008888", "alt_phone": null, "email": null, "performance_rating": "Medium", "dropped": false, "date_dropped": null, "graduated": false, "date_graduated": null, "t_shirt_size": "L"}}, {"model": "main.student", "pk": 66, "fields": {"name": "KSL Vaishnavi", "code": "S35", "gender": "Female", "batch": 1, "date_of_birth": null, "date_of_joining": "2017-02-05", "father_name": null, "mother_name": "Bhargavi", "phone": "9985928919", "alt_phone": null, "email": null, "performance_rating": "High", "dropped": false, "date_dropped": null, "graduated": false, "date_graduated": null, "t_shirt_size": "XL"}}, {"model": "main.student", "pk": 67, "fields": {"name": "Dhriti", "code": "S43", "gender": "Female", "batch": 16, "date_of_birth": null, "date_of_joining": "2017-09-02", "father_name": null, "mother_name": null, "phone": "9866355315", "alt_phone": null, "email": null, "performance_rating": "Medium", "dropped": false, "date_dropped": null, "graduated": false, "date_graduated": null, "t_shirt_size": "XL"}}, {"model": "main.student", "pk": 68, "fields": {"name": "Hanish Raj", "code": "S42", "gender": "Male", "batch": 16, "date_of_birth": null, "date_of_joining": "2017-09-02", "father_name": null, "mother_name": "Priya", "phone": "9866464874", "alt_phone": null, "email": null, "performance_rating": "Medium", "dropped": false, "date_dropped": null, "graduated": false, "date_graduated": null, "t_shirt_size": "L"}}, {"model": "main.student", "pk": 69, "fields": {"name": "Aditya Soni", "code": "S53", "gender": "Male", "batch": 16, "date_of_birth": null, "date_of_joining": "2017-09-02", "father_name": null, "mother_name": "Poonam", "phone": "9394702130", "alt_phone": "7989100116", "email": null, "performance_rating": "High", "dropped": false, "date_dropped": null, "graduated": false, "date_graduated": null, "t_shirt_size": "XL"}}, {"model": "main.student", "pk": 70, "fields": {"name": "Aryan Soni", "code": "S54", "gender": "Male", "batch": 16, "date_of_birth": null, "date_of_joining": "2017-09-02", "father_name": null, "mother_name": "Poonam", "phone": "9394702130", "alt_phone": null, "email": null, "performance_rating": "High", "dropped": false, "date_dropped": null, "graduated": false, "date_graduated": null, "t_shirt_size": "XL"}}, {"model": "main.student", "pk": 71, "fields": {"name": "Adarsh sharma", "code": "S47", "gender": "Male", "batch": 16, "date_of_birth": null, "date_of_joining": "2017-09-02", "father_name": null, "mother_name": null, "phone": "9515319374", "alt_phone": null, "email": null, "performance_rating": "Medium", "dropped": false, "date_dropped": null, "graduated": false, "date_graduated": null, "t_shirt_size": "XL"}}, {"model": "main.student", "pk": 72, "fields": {"name": "Somesh Sharma", "code": "S48", "gender": "Male", "batch": 16, "date_of_birth": null, "date_of_joining": "2017-09-02", "father_name": null, "mother_name": null, "phone": "9515319374", "alt_phone": null, "email": null, "performance_rating": "Medium", "dropped": false, "date_dropped": null, "graduated": false, "date_graduated": null, "t_shirt_size": "XL"}}, {"model": "main.student", "pk": 73, "fields": {"name": "R Jose Anto Alan", "code": "S63", "gender": "Male", "batch": 16, "date_of_birth": null, "date_of_joining": "2017-11-05", "father_name": null, "mother_name": null, "phone": "9885806262", "alt_phone": null, "email": null, "performance_rating": "High", "dropped": false, "date_dropped": null, "graduated": false, "date_graduated": null, "t_shirt_size": "XL"}}, {"model": "main.student", "pk": 74, "fields": {"name": "R Joen Xavier Raja", "code": "S64", "gender": "Male", "batch": 16, "date_of_birth": null, "date_of_joining": "2017-11-05", "father_name": null, "mother_name": null, "phone": "9885806262", "alt_phone": null, "email": null, "performance_rating": "High", "dropped": false, "date_dropped": null, "graduated": false, "date_graduated": null, "t_shirt_size": "XL"}}, {"model": "main.student", "pk": 75, "fields": {"name": "G Vasthalya", "code": "S65", "gender": "Female", "batch": 16, "date_of_birth": null, "date_of_joining": "2017-11-05", "father_name": null, "mother_name": "Mamatha", "phone": "9394222567", "alt_phone": null, "email": null, "performance_rating": "High", "dropped": false, "date_dropped": null, "graduated": false, "date_graduated": null, "t_shirt_size": "L"}}, {"model": "main.student", "pk": 76, "fields": {"name": "Aakash Mangla", "code": "Ss107", "gender": "Male", "batch": 16, "date_of_birth": null, "date_of_joining": "2017-11-05", "father_name": "Rajnish", "mother_name": null, "phone": "8860541757", "alt_phone": null, "email": null, "performance_rating": "High", "dropped": false, "date_dropped": null, "graduated": false, "date_graduated": null, "t_shirt_size": "XXL"}}, {"model": "main.student", "pk": 77, "fields": {"name": "V Karthikeya", "code": "303", "gender": "Male", "batch": 6, "date_of_birth": null, "date_of_joining": "2015-07-04", "father_name": null, "mother_name": "Sunitha", "phone": "9948902255", "alt_phone": null, "email": null, "performance_rating": "High", "dropped": false, "date_dropped": null, "graduated": false, "date_graduated": null, "t_shirt_size": "XL"}}, {"model": "main.student", "pk": 78, "fields": {"name": "Lohitha", "code": "306", "gender": "Female", "batch": 6, "date_of_birth": null, "date_of_joining": "2015-01-01", "father_name": null, "mother_name": "Rajita", "phone": "9948878989", "alt_phone": "7702162152", "email": null, "performance_rating": "Medium", "dropped": false, "date_dropped": null, "graduated": false, "date_graduated": null, "t_shirt_size": "XL"}}, {"model": "main.student", "pk": 79, "fields": {"name": "Sahana Jagannath", "code": "309", "gender": "Female", "batch": 6, "date_of_birth": null, "date_of_joining": "2015-01-01", "father_name": null, "mother_name": "Hema", "phone": "9985017201", "alt_phone": null, "email": null, "performance_rating": "Medium", "dropped": false, "date_dropped": null, "graduated": false, "date_graduated": null, "t_shirt_size": "M"}}, {"model": "main.student", "pk": 80, "fields": {"name": "Shivani Jally", "code": "308", "gender": "Female", "batch": 6, "date_of_birth": null, "date_of_joining": "2015-01-01", "father_name": null, "mother_name": "Akshita", "phone": "9985899438", "alt_phone": null, "email": null, "performance_rating": "Medium", "dropped": false, "date_dropped": null, "graduated": false, "date_graduated": null, "t_shirt_size": "L"}}, {"model": "main.student", "pk": 81, "fields": {"name": "Siddharth", "code": "327", "gender": "Female", "batch": 6, "date_of_birth": null, "date_of_joining": "2015-01-01", "father_name": null, "mother_name": "Radha", "phone": "9959711324", "alt_phone": null, "email": null, "performance_rating": "Medium", "dropped": false, "date_dropped": null, "graduated": false, "date_graduated": null, "t_shirt_size": "XL"}}, {"model": "main.student", "pk": 82, "fields": {"name": "Aziz Jodhpurwala", "code": "319", "gender": "Male", "batch": 6, "date_of_birth": null, "date_of_joining": "2015-01-01", "father_name": null, "mother_name": "Tasneem", "phone": "9985614221", "alt_phone": null, "email": null, "performance_rating": "Medium", "dropped": false, "date_dropped": null, "graduated": false, "date_graduated": null, "t_shirt_size": "L"}}, {"model": "main.student", "pk": 83, "fields": {"name": "Aakash Jagannath", "code": "380", "gender": "Male", "batch": 6, "date_of_birth": null, "date_of_joining": "2015-01-01", "father_name": null, "mother_name": "Hema", "phone": "9985017201", "alt_phone": null, "email": null, "performance_rating": "High", "dropped": false, "date_dropped": null, "graduated": false, "date_graduated": null, "t_shirt_size": "XL"}}, {"model": "main.student", "pk": 84, "fields": {"name": "Rishika Jain", "code": "341", "gender": "Female", "batch": 6, "date_of_birth": null, "date_of_joining": "2015-01-01", "father_name": null, "mother_name": "Manisha", "phone": null, "alt_phone": null, "email": null, "performance_rating": "High", "dropped": false, "date_dropped": null, "graduated": false, "date_graduated": null, "t_shirt_size": "XL"}}, {"model": "main.student", "pk": 85, "fields": {"name": "Manhitha V", "code": "441", "gender": "Female", "batch": 5, "date_of_birth": null, "date_of_joining": "2017-01-01", "father_name": null, "mother_name": null, "phone": "9866874075", "alt_phone": "8333864075", "email": null, "performance_rating": "High", "dropped": false, "date_dropped": null, "graduated": false, "date_graduated": null, "t_shirt_size": "XXL"}}, {"model": "main.student", "pk": 86, "fields": {"name": "Naithik Reddy", "code": "437", "gender": "Male", "batch": 5, "date_of_birth": null, "date_of_joining": "2017-01-01", "father_name": "Upender Reddy", "mother_name": "", "phone": "9000101211", "alt_phone": "9849892673", "email": null, "performance_rating": "Medium", "dropped": false, "date_dropped": null, "graduated": false, "date_graduated": null, "t_shirt_size": "M"}}, {"model": "main.student", "pk": 87, "fields": {"name": "D Adarsh", "code": "232", "gender": "Male", "batch": 5, "date_of_birth": null, "date_of_joining": "2015-01-01", "father_name": null, "mother_name": "Sangeetha", "phone": "9966303014", "alt_phone": null, "email": null, "performance_rating": "Low", "dropped": false, "date_dropped": null, "graduated": false, "date_graduated": null, "t_shirt_size": "XL"}}, {"model": "main.student", "pk": 88, "fields": {"name": "D Akanksh", "code": "233", "gender": "Male", "batch": 5, "date_of_birth": null, "date_of_joining": "2015-01-01", "father_name": null, "mother_name": "Sangeeta", "phone": "9966303014", "alt_phone": null, "email": null, "performance_rating": "Low", "dropped": false, "date_dropped": null, "graduated": false, "date_graduated": null, "t_shirt_size": "XL"}}, {"model": "main.student", "pk": 89, "fields": {"name": "Nischal Jain", "code": "399", "gender": "Male", "batch": 5, "date_of_birth": null, "date_of_joining": "2017-01-01", "father_name": null, "mother_name": "Shilpa", "phone": "9652349988", "alt_phone": "8142411131", "email": null, "performance_rating": "Medium", "dropped": false, "date_dropped": null, "graduated": false, "date_graduated": null, "t_shirt_size": "L"}}, {"model": "main.student", "pk": 90, "fields": {"name": "Abhinayashree", "code": "449", "gender": "Female", "batch": 5, "date_of_birth": null, "date_of_joining": "2017-01-01", "father_name": null, "mother_name": "Mallika", "phone": "7093967640", "alt_phone": null, "email": null, "performance_rating": "Medium", "dropped": false, "date_dropped": null, "graduated": false, "date_graduated": null, "t_shirt_size": "XL"}}, {"model": "main.student", "pk": 91, "fields": {"name": "Nainika Goud P", "code": "443", "gender": "Female", "batch": 5, "date_of_birth": null, "date_of_joining": null, "father_name": null, "mother_name": "Navya", "phone": "8008291771", "alt_phone": null, "email": null, "performance_rating": "Medium", "dropped": false, "date_dropped": null, "graduated": false, "date_graduated": null, "t_shirt_size": "M"}}, {"model": "main.student", "pk": 92, "fields": {"name": "Viraaj Kamuni", "code": "446", "gender": "Male", "batch": 5, "date_of_birth": null, "date_of_joining": null, "father_name": null, "mother_name": "Niharika", "phone": null, "alt_phone": null, "email": null, "performance_rating": "High", "dropped": false, "date_dropped": null, "graduated": false, "date_graduated": null, "t_shirt_size": "XL"}}, {"model": "main.student", "pk": 93, "fields": {"name": "Sahasra", "code": "407", "gender": "Female", "batch": 12, "date_of_birth": null, "date_of_joining": "2016-09-03", "father_name": null, "mother_name": "Kapila", "phone": "9908190654", "alt_phone": null, "email": null, "performance_rating": "High", "dropped": false, "date_dropped": null, "graduated": false, "date_graduated": null, "t_shirt_size": "XL"}}, {"model": "main.student", "pk": 94, "fields": {"name": "Srinika", "code": "408", "gender": "Female", "batch": 12, "date_of_birth": null, "date_of_joining": "2016-09-03", "father_name": null, "mother_name": "Kapila", "phone": "9908190654", "alt_phone": null, "email": null, "performance_rating": "Medium", "dropped": false, "date_dropped": null, "graduated": false, "date_graduated": null, "t_shirt_size": "XXL"}}, {"model": "main.student", "pk": 95, "fields": {"name": "E Deepthi", "code": "409", "gender": "Female", "batch": 12, "date_of_birth": null, "date_of_joining": "2016-09-03", "father_name": null, "mother_name": null, "phone": "9247476110", "alt_phone": null, "email": null, "performance_rating": "High", "dropped": false, "date_dropped": null, "graduated": false, "date_graduated": null, "t_shirt_size": "XL"}}, {"model": "main.student", "pk": 96, "fields": {"name": "V Hansika", "code": "410", "gender": "Female", "batch": 12, "date_of_birth": null, "date_of_joining": "2016-09-03", "father_name": null, "mother_name": "Sunitha", "phone": "9948902255", "alt_phone": null, "email": null, "performance_rating": "Medium", "dropped": false, "date_dropped": null, "graduated": false, "date_graduated": null, "t_shirt_size": "L"}}, {"model": "main.student", "pk": 97, "fields": {"name": "Sara", "code": "412", "gender": "Female", "batch": 12, "date_of_birth": null, "date_of_joining": "2016-09-03", "father_name": null, "mother_name": "Sakeena", "phone": "8096151144", "alt_phone": null, "email": null, "performance_rating": "High", "dropped": false, "date_dropped": null, "graduated": false, "date_graduated": null, "t_shirt_size": "XL"}}, {"model": "main.student", "pk": 98, "fields": {"name": "Rishi Karthikeya", "code": "413", "gender": "Male", "batch": 12, "date_of_birth": null, "date_of_joining": "2016-09-03", "father_name": null, "mother_name": "Padmaja", "phone": "7893807007", "alt_phone": null, "email": null, "performance_rating": "High", "dropped": false, "date_dropped": null, "graduated": false, "date_graduated": null, "t_shirt_size": "L"}}, {"model": "main.student", "pk": 99, "fields": {"name": "Srilakshmi", "code": "416", "gender": "Female", "batch": 12, "date_of_birth": null, "date_of_joining": "2016-09-03", "father_name": null, "mother_name": "Kamala", "phone": "9246219321", "alt_phone": null, "email": null, "performance_rating": "High", "dropped": false, "date_dropped": null, "graduated": false, "date_graduated": null, "t_shirt_size": "5XL"}}, {"model": "main.student", "pk": 100, "fields": {"name": "Pranav Srivatsa", "code": "422", "gender": "Female", "batch": 12, "date_of_birth": null, "date_of_joining": "2016-09-03", "father_name": null, "mother_name": null, "phone": "9441208301", "alt_phone": "9440086440", "email": null, "performance_rating": "High", "dropped": false, "date_dropped": null, "graduated": false, "date_graduated": null, "t_shirt_size": "XL"}}, {"model": "main.student", "pk": 101, "fields": {"name": "D Harshini", "code": "414", "gender": "Female", "batch": 12, "date_of_birth": null, "date_of_joining": "2016-09-03", "father_name": null, "mother_name": "Veeramani", "phone": "7093872122", "alt_phone": null, "email": null, "performance_rating": "Medium", "dropped": false, "date_dropped": null, "graduated": false, "date_graduated": null, "t_shirt_size": "XXXL"}}, {"model": "main.student", "pk": 102, "fields": {"name": "Vyom Agarwal", "code": "417", "gender": "Male", "batch": 12, "date_of_birth": null, "date_of_joining": "2016-09-03", "father_name": null, "mother_name": "Ranju", "phone": "7093720932", "alt_phone": null, "email": null, "performance_rating": "Medium", "dropped": false, "date_dropped": null, "graduated": false, "date_graduated": null, "t_shirt_size": "XXL"}}, {"model": "main.student", "pk": 103, "fields": {"name": "Sparsh Jain", "code": "392", "gender": "Male", "batch": 13, "date_of_birth": null, "date_of_joining": "2016-01-02", "father_name": null, "mother_name": "Shilpa", "phone": "9030608417", "alt_phone": null, "email": null, "performance_rating": "High", "dropped": false, "date_dropped": null, "graduated": false, "date_graduated": null, "t_shirt_size": "XXXL"}}, {"model": "main.student", "pk": 104, "fields": {"name": "Preksha Jain", "code": "393", "gender": "Female", "batch": 13, "date_of_birth": null, "date_of_joining": "2016-01-02", "father_name": null, "mother_name": "Seema", "phone": "8019467270", "alt_phone": null, "email": null, "performance_rating": "High", "dropped": false, "date_dropped": null, "graduated": false, "date_graduated": null, "t_shirt_size": "XL"}}, {"model": "main.student", "pk": 105, "fields": {"name": "Huzefa Borsadwala", "code": "394", "gender": "Male", "batch": 13, "date_of_birth": null, "date_of_joining": "2016-01-02", "father_name": null, "mother_name": "Maria", "phone": null, "alt_phone": null, "email": null, "performance_rating": "High", "dropped": false, "date_dropped": null, "graduated": false, "date_graduated": null, "t_shirt_size": "XL"}}, {"model": "main.student", "pk": 106, "fields": {"name": "Diya Kandoi", "code": "182", "gender": "Female", "batch": 13, "date_of_birth": null, "date_of_joining": "2016-01-02", "father_name": null, "mother_name": "Jyoti", "phone": "9949169389", "alt_phone": null, "email": null, "performance_rating": "High", "dropped": false, "date_dropped": null, "graduated": false, "date_graduated": null, "t_shirt_size": "XXL"}}, {"model": "main.student", "pk": 107, "fields": {"name": "Simran Kandoi", "code": "183", "gender": "Female", "batch": 13, "date_of_birth": null, "date_of_joining": "2016-01-02", "father_name": null, "mother_name": "Jyoti", "phone": "9949169389", "alt_phone": null, "email": null, "performance_rating": "Medium", "dropped": false, "date_dropped": null, "graduated": false, "date_graduated": null, "t_shirt_size": "XXL"}}, {"model": "main.student", "pk": 108, "fields": {"name": "M Aryan", "code": "297", "gender": "Female", "batch": 13, "date_of_birth": null, "date_of_joining": "2016-01-02", "father_name": null, "mother_name": "Rupa", "phone": "9885103577", "alt_phone": null, "email": null, "performance_rating": "Low", "dropped": false, "date_dropped": null, "graduated": false, "date_graduated": null, "t_shirt_size": "XL"}}, {"model": "main.student", "pk": 109, "fields": {"name": "Likith Sanjay", "code": "427", "gender": "Male", "batch": 15, "date_of_birth": null, "date_of_joining": "2017-07-02", "father_name": null, "mother_name": null, "phone": "9966509089", "alt_phone": null, "email": null, "performance_rating": "Medium", "dropped": false, "date_dropped": null, "graduated": false, "date_graduated": null, "t_shirt_size": "XL"}}, {"model": "main.student", "pk": 110, "fields": {"name": "Jayashree", "code": "454", "gender": "Female", "batch": 15, "date_of_birth": null, "date_of_joining": "2017-08-06", "father_name": null, "mother_name": null, "phone": "9032693072", "alt_phone": null, "email": null, "performance_rating": "High", "dropped": false, "date_dropped": null, "graduated": false, "date_graduated": null, "t_shirt_size": "XXL"}}, {"model": "main.student", "pk": 111, "fields": {"name": "Jeevika", "code": "455", "gender": "Female", "batch": 15, "date_of_birth": null, "date_of_joining": "2017-08-06", "father_name": null, "mother_name": null, "phone": "9010000056", "alt_phone": null, "email": null, "performance_rating": "Medium", "dropped": false, "date_dropped": null, "graduated": false, "date_graduated": null, "t_shirt_size": "XXL"}}, {"model": "main.student", "pk": 112, "fields": {"name": "Sushanth", "code": "130", "gender": "Male", "batch": 15, "date_of_birth": null, "date_of_joining": null, "father_name": "Sharat Chandra", "mother_name": "Swapna", "phone": "9848613249", "alt_phone": null, "email": null, "performance_rating": "High", "dropped": false, "date_dropped": null, "graduated": false, "date_graduated": null, "t_shirt_size": "XL"}}, {"model": "main.student", "pk": 113, "fields": {"name": "G Hansini", "code": "457", "gender": "Female", "batch": 15, "date_of_birth": null, "date_of_joining": "2017-08-06", "father_name": null, "mother_name": null, "phone": "9959269343", "alt_phone": null, "email": null, "performance_rating": "Medium", "dropped": false, "date_dropped": null, "graduated": false, "date_graduated": null, "t_shirt_size": "XL"}}, {"model": "main.student", "pk": 114, "fields": {"name": "N Rithika", "code": "477", "gender": "Female", "batch": 7, "date_of_birth": null, "date_of_joining": "2017-12-02", "father_name": null, "mother_name": "Prasanna", "phone": "7675990244", "alt_phone": null, "email": null, "performance_rating": "High", "dropped": false, "date_dropped": null, "graduated": false, "date_graduated": null, "t_shirt_size": "XXXL"}}, {"model": "main.student", "pk": 115, "fields": {"name": "N Abhinay", "code": "478", "gender": "Male", "batch": 7, "date_of_birth": null, "date_of_joining": "2017-12-02", "father_name": null, "mother_name": "Prasanna", "phone": "7675990244", "alt_phone": null, "email": null, "performance_rating": "High", "dropped": false, "date_dropped": null, "graduated": false, "date_graduated": null, "t_shirt_size": "XXL"}}, {"model": "main.student", "pk": 116, "fields": {"name": "Ranadhir", "code": "480", "gender": "Male", "batch": 7, "date_of_birth": null, "date_of_joining": "2017-12-02", "father_name": "Kiran", "mother_name": null, "phone": "9493880316", "alt_phone": null, "email": null, "performance_rating": "High", "dropped": false, "date_dropped": null, "graduated": false, "date_graduated": null, "t_shirt_size": "XL"}}, {"model": "main.student", "pk": 117, "fields": {"name": "V Tarini", "code": "435", "gender": "Female", "batch": 7, "date_of_birth": null, "date_of_joining": "2017-12-02", "father_name": null, "mother_name": "Ganga", "phone": "9949669931", "alt_phone": null, "email": null, "performance_rating": "Medium", "dropped": false, "date_dropped": null, "graduated": false, "date_graduated": null, "t_shirt_size": "XL"}}, {"model": "main.student", "pk": 118, "fields": {"name": "Yunus", "code": "474", "gender": "Male", "batch": 8, "date_of_birth": null, "date_of_joining": "2017-12-02", "father_name": null, "mother_name": "Batul", "phone": "9949986152", "alt_phone": null, "email": null, "performance_rating": "High", "dropped": false, "date_dropped": null, "graduated": false, "date_graduated": null, "t_shirt_size": "S"}}, {"model": "main.student", "pk": 119, "fields": {"name": "Batul Chikliwala", "code": "475", "gender": "Female", "batch": 8, "date_of_birth": null, "date_of_joining": "2017-12-02", "father_name": null, "mother_name": null, "phone": "9704515252", "alt_phone": null, "email": null, "performance_rating": "High", "dropped": false, "date_dropped": null, "graduated": false, "date_graduated": null, "t_shirt_size": "M"}}, {"model": "main.student", "pk": 120, "fields": {"name": "Amaira Kapoor", "code": "476", "gender": "Female", "batch": 8, "date_of_birth": null, "date_of_joining": "2017-12-02", "father_name": null, "mother_name": "Pooja", "phone": null, "alt_phone": null, "email": null, "performance_rating": "High", "dropped": false, "date_dropped": null, "graduated": false, "date_graduated": null, "t_shirt_size": "M"}}, {"model": "main.student", "pk": 121, "fields": {"name": "Sanjana", "code": "479", "gender": "Female", "batch": 8, "date_of_birth": null, "date_of_joining": "2017-12-02", "father_name": null, "mother_name": null, "phone": "9492780844", "alt_phone": null, "email": null, "performance_rating": "Medium", "dropped": false, "date_dropped": null, "graduated": false, "date_graduated": null, "t_shirt_size": "M"}}, {"model": "main.student", "pk": 122, "fields": {"name": "Shree Sadatiya", "code": "486", "gender": "Female", "batch": 8, "date_of_birth": null, "date_of_joining": "2017-12-02", "father_name": null, "mother_name": null, "phone": "9966271707", "alt_phone": null, "email": null, "performance_rating": "High", "dropped": false, "date_dropped": null, "graduated": false, "date_graduated": null, "t_shirt_size": "L"}}, {"model": "main.student", "pk": 123, "fields": {"name": "Zahra Bearwala", "code": "485", "gender": "Female", "batch": 8, "date_of_birth": null, "date_of_joining": "2017-12-02", "father_name": null, "mother_name": null, "phone": "9293193288", "alt_phone": null, "email": null, "performance_rating": "High", "dropped": false, "date_dropped": null, "graduated": false, "date_graduated": null, "t_shirt_size": "M"}}, {"model": "main.student", "pk": 124, "fields": {"name": "Ishan Mandala", "code": "473", "gender": "Male", "batch": 9, "date_of_birth": null, "date_of_joining": "2018-04-15", "father_name": null, "mother_name": "Vani", "phone": "9949660077", "alt_phone": null, "email": null, "performance_rating": "High", "dropped": false, "date_dropped": null, "graduated": false, "date_graduated": null, "t_shirt_size": "XL"}}, {"model": "main.student", "pk": 125, "fields": {"name": "Praneel M", "code": "463", "gender": "Male", "batch": 9, "date_of_birth": null, "date_of_joining": "2017-01-01", "father_name": null, "mother_name": "Swapna", "phone": "8008510505", "alt_phone": null, "email": null, "performance_rating": "High", "dropped": false, "date_dropped": null, "graduated": false, "date_graduated": null, "t_shirt_size": "M"}}, {"model": "main.student", "pk": 126, "fields": {"name": "Hussain", "code": "469", "gender": "Male", "batch": 9, "date_of_birth": null, "date_of_joining": "2017-09-03", "father_name": null, "mother_name": "Arwa", "phone": "9502338986", "alt_phone": null, "email": null, "performance_rating": "High", "dropped": false, "date_dropped": null, "graduated": false, "date_graduated": null, "t_shirt_size": "M"}}, {"model": "main.student", "pk": 127, "fields": {"name": "Savir Bakshi", "code": "458", "gender": "Male", "batch": 9, "date_of_birth": null, "date_of_joining": "2017-09-03", "father_name": null, "mother_name": "Neha", "phone": "8008928261", "alt_phone": null, "email": null, "performance_rating": "High", "dropped": false, "date_dropped": null, "graduated": false, "date_graduated": null, "t_shirt_size": "L"}}, {"model": "main.student", "pk": 128, "fields": {"name": "J SaiSupreeth", "code": "428", "gender": "Male", "batch": 9, "date_of_birth": null, "date_of_joining": "2017-09-02", "father_name": null, "mother_name": null, "phone": "9493737358", "alt_phone": null, "email": null, "performance_rating": "High", "dropped": false, "date_dropped": null, "graduated": false, "date_graduated": null, "t_shirt_size": "S"}}, {"model": "main.student", "pk": 129, "fields": {"name": "S Nayan", "code": "491", "gender": "Male", "batch": 9, "date_of_birth": null, "date_of_joining": "2018-04-15", "father_name": null, "mother_name": null, "phone": "8019090345", "alt_phone": null, "email": null, "performance_rating": "Medium", "dropped": false, "date_dropped": null, "graduated": false, "date_graduated": null, "t_shirt_size": "L"}}, {"model": "main.student", "pk": 130, "fields": {"name": "Arnav Parmar", "code": "489", "gender": "Male", "batch": 9, "date_of_birth": null, "date_of_joining": "2018-04-15", "father_name": null, "mother_name": "Kushi", "phone": "9701499977", "alt_phone": null, "email": null, "performance_rating": "High", "dropped": false, "date_dropped": null, "graduated": false, "date_graduated": null, "t_shirt_size": "M"}}, {"model": "main.student", "pk": 131, "fields": {"name": "Ch Pranesh", "code": "490", "gender": "Male", "batch": 9, "date_of_birth": null, "date_of_joining": "2018-04-15", "father_name": null, "mother_name": "Priya", "phone": "9581022292", "alt_phone": null, "email": null, "performance_rating": "High", "dropped": false, "date_dropped": null, "graduated": false, "date_graduated": null, "t_shirt_size": "XL"}}, {"model": "main.student", "pk": 132, "fields": {"name": "G Veeksha Rao", "code": "488", "gender": "Female", "batch": 9, "date_of_birth": null, "date_of_joining": "2018-04-15", "father_name": null, "mother_name": "Lavanya", "phone": "9949857423", "alt_phone": null, "email": null, "performance_rating": "Medium", "dropped": false, "date_dropped": null, "graduated": false, "date_graduated": null, "t_shirt_size": "L"}}, {"model": "main.student", "pk": 133, "fields": {"name": "M Ekaash Reddy", "code": "492", "gender": "Male", "batch": 9, "date_of_birth": null, "date_of_joining": "2017-10-08", "father_name": null, "mother_name": null, "phone": "7337000977", "alt_phone": null, "email": null, "performance_rating": "High", "dropped": false, "date_dropped": null, "graduated": false, "date_graduated": null, "t_shirt_size": "XL"}}, {"model": "main.student", "pk": 134, "fields": {"name": "Vrishti Agarwal", "code": "88", "gender": "Female", "batch": 9, "date_of_birth": null, "date_of_joining": "2017-10-08", "father_name": null, "mother_name": null, "phone": "9246502127", "alt_phone": null, "email": null, "performance_rating": "Medium", "dropped": false, "date_dropped": null, "graduated": false, "date_graduated": null, "t_shirt_size": "XL"}}, {"model": "main.student", "pk": 135, "fields": {"name": "Bala Adithya", "code": "366", "gender": "Male", "batch": 6, "date_of_birth": null, "date_of_joining": "2015-08-01", "father_name": null, "mother_name": null, "phone": "7893098155", "alt_phone": null, "email": null, "performance_rating": "High", "dropped": false, "date_dropped": null, "graduated": false, "date_graduated": null, "t_shirt_size": "XL"}}, {"model": "main.feerecord", "pk": 1, "fields": {"student": 8, "fee_type": "Level", "fee_amount": 2700, "fee_receipt_no": 6724, "level": 1, "date_of_payment": "2018-06-17", "balance": 0, "due": 0, "months": [8, 6, 7]}}, {"model": "main.feerecord", "pk": 2, "fields": {"student": 9, "fee_type": "Level", "fee_amount": 2700, "fee_receipt_no": 6725, "level": 1, "date_of_payment": "2018-06-17", "balance": 0, "due": 0, "months": [8, 6, 7]}}, {"model": "main.feerecord", "pk": 3, "fields": {"student": 9, "fee_type": "Exam", "fee_amount": 200, "fee_receipt_no": 6725, "level": 1, "date_of_payment": "2018-06-17", "balance": 0, "due": 0, "months": [8]}}, {"model": "main.feerecord", "pk": 4, "fields": {"student": 8, "fee_type": "Exam", "fee_amount": 200, "fee_receipt_no": 6724, "level": 1, "date_of_payment": "2018-06-17", "balance": 0, "due": 0, "months": [8]}}, {"model": "main.feerecord", "pk": 5, "fields": {"student": 3, "fee_type": "Level", "fee_amount": 2700, "fee_receipt_no": 6727, "level": 1, "date_of_payment": "2018-06-17", "balance": 0, "due": 0, "months": [8, 6, 7]}}, {"model": "main.feerecord", "pk": 6, "fields": {"student": 3, "fee_type": "Exam", "fee_amount": 200, "fee_receipt_no": 6727, "level": 1, "date_of_payment": "2018-06-17", "balance": 0, "due": 0, "months": [8]}}, {"model": "main.feerecord", "pk": 7, "fields": {"student": 4, "fee_type": "Level", "fee_amount": 2700, "fee_receipt_no": 6728, "level": 1, "date_of_payment": "2018-06-17", "balance": 0, "due": 0, "months": [8, 6, 7]}}, {"model": "main.feerecord", "pk": 8, "fields": {"student": 4, "fee_type": "Exam", "fee_amount": 200, "fee_receipt_no": 6728, "level": 1, "date_of_payment": "2018-06-17", "balance": 0, "due": 0, "months": [8]}}, {"model": "main.feerecord", "pk": 9, "fields": {"student": 5, "fee_type": "Month", "fee_amount": 900, "fee_receipt_no": 6730, "level": 1, "date_of_payment": "2018-06-17", "balance": 0, "due": 0, "months": [6]}}, {"model": "main.feerecord", "pk": 10, "fields": {"student": 6, "fee_type": "Month", "fee_amount": 900, "fee_receipt_no": 6730, "level": 1, "date_of_payment": "2018-06-17", "balance": 0, "due": 0, "months": [6]}}, {"model": "main.feerecord", "pk": 11, "fields": {"student": 2, "fee_type": "Level", "fee_amount": 2700, "fee_receipt_no": 6737, "level": 1, "date_of_payment": "2018-06-17", "balance": 0, "due": 0, "months": [8, 6, 7]}}, {"model": "main.feerecord", "pk": 12, "fields": {"student": 2, "fee_type": "Exam", "fee_amount": 200, "fee_receipt_no": 6737, "level": 1, "date_of_payment": "2018-06-17", "balance": 0, "due": 0, "months": [8]}}, {"model": "main.feerecord", "pk": 13, "fields": {"student": 11, "fee_type": "Level", "fee_amount": 2700, "fee_receipt_no": 6738, "level": 1, "date_of_payment": "2018-06-17", "balance": 0, "due": 0, "months": [8, 6, 7]}}, {"model": "main.feerecord", "pk": 14, "fields": {"student": 11, "fee_type": "Exam", "fee_amount": 200, "fee_receipt_no": 6738, "level": 1, "date_of_payment": "2018-06-17", "balance": 0, "due": 0, "months": [8]}}, {"model": "main.feerecord", "pk": 15, "fields": {"student": 10, "fee_type": "Level", "fee_amount": 2700, "fee_receipt_no": 6751, "level": 1, "date_of_payment": "2018-06-17", "balance": 0, "due": 0, "months": [8, 6, 7]}}, {"model": "main.feerecord", "pk": 16, "fields": {"student": 10, "fee_type": "Exam", "fee_amount": 200, "fee_receipt_no": 6751, "level": 1, "date_of_payment": "2018-06-17", "balance": 0, "due": 0, "months": [8]}}, {"model": "main.feerecord", "pk": 17, "fields": {"student": 1, "fee_type": "Level", "fee_amount": 2700, "fee_receipt_no": 123, "level": 1, "date_of_payment": "2018-07-16", "balance": 0, "due": 0, "months": [8, 9, 7]}}, {"model": "main.feerecord", "pk": 18, "fields": {"student": 1, "fee_type": "Exam", "fee_amount": 200, "fee_receipt_no": 123, "level": 1, "date_of_payment": "2018-07-16", "balance": 0, "due": 0, "months": [9]}}, {"model": "main.feerecord", "pk": 19, "fields": {"student": 12, "fee_type": "Level", "fee_amount": 2700, "fee_receipt_no": 6736, "level": 1, "date_of_payment": "2018-06-24", "balance": 0, "due": 0, "months": [8, 6, 7]}}, {"model": "main.feerecord", "pk": 20, "fields": {"student": 12, "fee_type": "Exam", "fee_amount": 200, "fee_receipt_no": 6736, "level": 1, "date_of_payment": "2018-06-24", "balance": 0, "due": 0, "months": [8]}}, {"model": "main.feerecord", "pk": 21, "fields": {"student": 2, "fee_type": "Exam", "fee_amount": 200, "fee_receipt_no": 6737, "level": 1, "date_of_payment": "2018-06-26", "balance": 0, "due": 0, "months": [8]}}, {"model": "main.feerecord", "pk": 22, "fields": {"student": 8, "fee_type": "Level", "fee_amount": 2700, "fee_receipt_no": 6724, "level": 1, "date_of_payment": "2018-06-17", "balance": 0, "due": 0, "months": [8, 6, 7]}}, {"model": "main.feerecord", "pk": 23, "fields": {"student": 9, "fee_type": "Level", "fee_amount": 2700, "fee_receipt_no": 6725, "level": 1, "date_of_payment": "2018-06-17", "balance": 0, "due": 0, "months": [8, 6, 7]}}, {"model": "main.feerecord", "pk": 24, "fields": {"student": 5, "fee_type": "Month", "fee_amount": 900, "fee_receipt_no": 6730, "level": 1, "date_of_payment": "2018-06-17", "balance": 0, "due": 0, "months": [6]}}, {"model": "main.feerecord", "pk": 25, "fields": {"student": 6, "fee_type": "Month", "fee_amount": 900, "fee_receipt_no": 6730, "level": 1, "date_of_payment": "2018-06-17", "balance": 0, "due": 0, "months": [6]}}, {"model": "main.feerecord", "pk": 26, "fields": {"student": 6, "fee_type": "Month", "fee_amount": 900, "fee_receipt_no": 6730, "level": 1, "date_of_payment": "2018-06-17", "balance": 0, "due": 1950, "months": [6]}}, {"model": "main.feerecord", "pk": 27, "fields": {"student": 6, "fee_type": "Month", "fee_amount": 900, "fee_receipt_no": 6730, "level": 1, "date_of_payment": "2018-06-17", "balance": 0, "due": 1950, "months": [6]}}, {"model": "main.feerecord", "pk": 28, "fields": {"student": 28, "fee_type": "Level", "fee_amount": 2700, "fee_receipt_no": 6761, "level": 2, "date_of_payment": "2018-07-08", "balance": 0, "due": 0, "months": [8, 6, 7]}}, {"model": "main.feerecord", "pk": 29, "fields": {"student": 12, "fee_type": "Exam", "fee_amount": 200, "fee_receipt_no": 6736, "level": 1, "date_of_payment": "2018-07-26", "balance": 0, "due": 0, "months": [8]}}, {"model": "main.feerecord", "pk": 30, "fields": {"student": 12, "fee_type": "Level", "fee_amount": 2700, "fee_receipt_no": 6736, "level": 1, "date_of_payment": "2018-07-26", "balance": 0, "due": 0, "months": [8, 6, 7]}}, {"model": "main.feerecord", "pk": 31, "fields": {"student": 13, "fee_type": "Exam", "fee_amount": 200, "fee_receipt_no": 6754, "level": 1, "date_of_payment": "2018-07-08", "balance": 0, "due": 0, "months": [8]}}, {"model": "main.feerecord", "pk": 32, "fields": {"student": 13, "fee_type": "Level", "fee_amount": 2700, "fee_receipt_no": 6754, "level": 1, "date_of_payment": "2018-07-08", "balance": 0, "due": 0, "months": [8, 6, 7]}}, {"model": "main.feerecord", "pk": 33, "fields": {"student": 14, "fee_type": "Exam", "fee_amount": 200, "fee_receipt_no": 6753, "level": 1, "date_of_payment": "2018-07-08", "balance": 0, "due": 0, "months": [8]}}, {"model": "main.feerecord", "pk": 34, "fields": {"student": 14, "fee_type": "Level", "fee_amount": 2700, "fee_receipt_no": 6753, "level": 1, "date_of_payment": "2018-07-08", "balance": 0, "due": 0, "months": [8, 6, 7]}}, {"model": "main.feerecord", "pk": 35, "fields": {"student": 15, "fee_type": "Exam", "fee_amount": 200, "fee_receipt_no": 6745, "level": 1, "date_of_payment": "2018-06-30", "balance": 0, "due": 0, "months": [8]}}, {"model": "main.feerecord", "pk": 36, "fields": {"student": 15, "fee_type": "Level", "fee_amount": 2700, "fee_receipt_no": 6745, "level": 1, "date_of_payment": "2018-06-30", "balance": 0, "due": 0, "months": [8, 6, 7]}}, {"model": "main.feerecord", "pk": 37, "fields": {"student": 15, "fee_type": "Level", "fee_amount": 2700, "fee_receipt_no": 6745, "level": 1, "date_of_payment": "2018-06-30", "balance": 0, "due": 0, "months": [8, 6, 7]}}, {"model": "main.feerecord", "pk": 38, "fields": {"student": 15, "fee_type": "Exam", "fee_amount": 200, "fee_receipt_no": 6745, "level": 1, "date_of_payment": "2018-06-30", "balance": 0, "due": 0, "months": [8]}}, {"model": "main.feerecord", "pk": 39, "fields": {"student": 16, "fee_type": "Level", "fee_amount": 2700, "fee_receipt_no": 6762, "level": 1, "date_of_payment": "2018-07-08", "balance": 0, "due": 0, "months": [8, 6, 7]}}, {"model": "main.feerecord", "pk": 40, "fields": {"student": 16, "fee_type": "Exam", "fee_amount": 200, "fee_receipt_no": 6762, "level": 1, "date_of_payment": "2018-07-08", "balance": 0, "due": 0, "months": [8]}}, {"model": "main.feerecord", "pk": 41, "fields": {"student": 21, "fee_type": "Level", "fee_amount": 2700, "fee_receipt_no": 6703, "level": 2, "date_of_payment": "2018-04-22", "balance": 0, "due": 0, "months": [8, 6, 7]}}, {"model": "main.feerecord", "pk": 42, "fields": {"student": 21, "fee_type": "Exam", "fee_amount": 200, "fee_receipt_no": 6703, "level": 2, "date_of_payment": "2018-04-22", "balance": 0, "due": 0, "months": [8]}}, {"model": "main.feerecord", "pk": 43, "fields": {"student": 23, "fee_type": "Level", "fee_amount": 2700, "fee_receipt_no": 6743, "level": 2, "date_of_payment": "2018-06-30", "balance": 0, "due": 0, "months": [8, 6, 7]}}, {"model": "main.feerecord", "pk": 44, "fields": {"student": 23, "fee_type": "Exam", "fee_amount": 200, "fee_receipt_no": 6743, "level": 2, "date_of_payment": "2018-06-30", "balance": 0, "due": 0, "months": [8]}}, {"model": "main.feerecord", "pk": 45, "fields": {"student": 24, "fee_type": "Exam", "fee_amount": 200, "fee_receipt_no": 6731, "level": 2, "date_of_payment": "2018-06-24", "balance": 0, "due": 0, "months": [8]}}, {"model": "main.feerecord", "pk": 46, "fields": {"student": 24, "fee_type": "Level", "fee_amount": 2700, "fee_receipt_no": 6731, "level": 2, "date_of_payment": "2018-06-24", "balance": 0, "due": 0, "months": [8, 6, 7]}}, {"model": "main.feerecord", "pk": 47, "fields": {"student": 27, "fee_type": "Level", "fee_amount": 2700, "fee_receipt_no": 6732, "level": 2, "date_of_payment": "2018-06-24", "balance": 0, "due": 0, "months": [8, 6, 7]}}, {"model": "main.feerecord", "pk": 48, "fields": {"student": 29, "fee_type": "Level", "fee_amount": 2700, "fee_receipt_no": 6755, "level": 2, "date_of_payment": "2018-07-08", "balance": 0, "due": 0, "months": [8, 6, 7]}}, {"model": "main.feerecord", "pk": 49, "fields": {"student": 30, "fee_type": "Level", "fee_amount": 2700, "fee_receipt_no": 6733, "level": 2, "date_of_payment": "2018-06-24", "balance": 0, "due": 0, "months": [8, 6, 7]}}, {"model": "main.feerecord", "pk": 50, "fields": {"student": 31, "fee_type": "Level", "fee_amount": 2700, "fee_receipt_no": 6760, "level": 2, "date_of_payment": "2018-07-08", "balance": 0, "due": 0, "months": [8, 6, 7]}}, {"model": "main.feerecord", "pk": 51, "fields": {"student": 31, "fee_type": "Level", "fee_amount": 2700, "fee_receipt_no": 6760, "level": 2, "date_of_payment": "2018-07-08", "balance": 0, "due": 0, "months": [8, 6, 7]}}, {"model": "main.feerecord", "pk": 52, "fields": {"student": 31, "fee_type": "Exam", "fee_amount": 200, "fee_receipt_no": 6760, "level": 2, "date_of_payment": "2018-07-08", "balance": 0, "due": 0, "months": [8]}}, {"model": "main.feerecord", "pk": 53, "fields": {"student": 32, "fee_type": "Level", "fee_amount": 2700, "fee_receipt_no": 6735, "level": 2, "date_of_payment": "2018-06-24", "balance": 0, "due": 0, "months": [8, 6, 7]}}, {"model": "main.feerecord", "pk": 54, "fields": {"student": 32, "fee_type": "Exam", "fee_amount": 200, "fee_receipt_no": 6735, "level": 2, "date_of_payment": "2018-06-24", "balance": 0, "due": 0, "months": [8]}}, {"model": "main.feerecord", "pk": 55, "fields": {"student": 35, "fee_type": "Exam", "fee_amount": 200, "fee_receipt_no": 6759, "level": 2, "date_of_payment": "2018-07-08", "balance": 0, "due": 0, "months": [8]}}, {"model": "main.feerecord", "pk": 56, "fields": {"student": 35, "fee_type": "Level", "fee_amount": 2700, "fee_receipt_no": 6759, "level": 2, "date_of_payment": "2018-07-08", "balance": 0, "due": 0, "months": [8, 6, 7]}}, {"model": "main.feerecord", "pk": 57, "fields": {"student": 36, "fee_type": "Level", "fee_amount": 2700, "fee_receipt_no": 6734, "level": 2, "date_of_payment": "2018-06-24", "balance": 0, "due": 0, "months": [8, 6, 7]}}, {"model": "main.feerecord", "pk": 58, "fields": {"student": 36, "fee_type": "Exam", "fee_amount": 200, "fee_receipt_no": 6734, "level": 2, "date_of_payment": "2018-06-24", "balance": 0, "due": 0, "months": [8]}}, {"model": "main.feerecord", "pk": 59, "fields": {"student": 37, "fee_type": "Exam", "fee_amount": 200, "fee_receipt_no": 6746, "level": 2, "date_of_payment": "2018-07-02", "balance": 0, "due": 0, "months": [1]}}, {"model": "main.feerecord", "pk": 60, "fields": {"student": 37, "fee_type": "Level", "fee_amount": 2700, "fee_receipt_no": 6746, "level": 2, "date_of_payment": "2018-07-02", "balance": 0, "due": 0, "months": [8, 1, 7]}}, {"model": "main.feerecord", "pk": 61, "fields": {"student": 40, "fee_type": "Exam", "fee_amount": 200, "fee_receipt_no": 6758, "level": 2, "date_of_payment": "2018-07-08", "balance": 0, "due": 0, "months": [9]}}, {"model": "main.feerecord", "pk": 62, "fields": {"student": 40, "fee_type": "Level", "fee_amount": 2700, "fee_receipt_no": 6758, "level": 2, "date_of_payment": "2018-07-08", "balance": 0, "due": 0, "months": [8, 9, 7]}}, {"model": "main.feerecord", "pk": 63, "fields": {"student": 41, "fee_type": "Level", "fee_amount": 2700, "fee_receipt_no": 1489, "level": 2, "date_of_payment": "2018-03-01", "balance": 0, "due": 0, "months": [8, 6, 7]}}, {"model": "main.feerecord", "pk": 64, "fields": {"student": 41, "fee_type": "Level", "fee_amount": 2700, "fee_receipt_no": 1489, "level": 2, "date_of_payment": "2018-03-01", "balance": 0, "due": 0, "months": [8, 6, 7]}}, {"model": "main.feerecord", "pk": 65, "fields": {"student": 41, "fee_type": "Exam", "fee_amount": 200, "fee_receipt_no": 1489, "level": 2, "date_of_payment": "2018-03-01", "balance": 0, "due": 0, "months": [6]}}, {"model": "main.feerecord", "pk": 66, "fields": {"student": 41, "fee_type": "Level", "fee_amount": 2700, "fee_receipt_no": 1489, "level": 2, "date_of_payment": "2018-03-01", "balance": 0, "due": 0, "months": [8, 6, 7]}}, {"model": "main.feerecord", "pk": 67, "fields": {"student": 41, "fee_type": "Exam", "fee_amount": 200, "fee_receipt_no": 1489, "level": 2, "date_of_payment": "2018-03-01", "balance": 0, "due": 0, "months": [6]}}, {"model": "main.feerecord", "pk": 69, "fields": {"student": 42, "fee_type": "Level", "fee_amount": 2700, "fee_receipt_no": 6767, "level": 2, "date_of_payment": "2018-07-16", "balance": 0, "due": 0, "months": [8, 6, 7]}}, {"model": "main.feerecord", "pk": 70, "fields": {"student": 42, "fee_type": "Exam", "fee_amount": 200, "fee_receipt_no": 6767, "level": 2, "date_of_payment": "2018-07-16", "balance": 0, "due": 0, "months": [8]}}, {"model": "main.feerecord", "pk": 73, "fields": {"student": 43, "fee_type": "Exam", "fee_amount": 200, "fee_receipt_no": 6750, "level": 2, "date_of_payment": "2018-07-08", "balance": 0, "due": 0, "months": [9]}}, {"model": "main.feerecord", "pk": 74, "fields": {"student": 43, "fee_type": "Level", "fee_amount": 2700, "fee_receipt_no": 6750, "level": 2, "date_of_payment": "2018-07-08", "balance": 0, "due": 0, "months": [8, 9, 7]}}, {"model": "main.feerecord", "pk": 75, "fields": {"student": 44, "fee_type": "Exam", "fee_amount": 200, "fee_receipt_no": 6757, "level": 2, "date_of_payment": "2018-07-08", "balance": 0, "due": 0, "months": [4]}}, {"model": "main.feerecord", "pk": 76, "fields": {"student": 44, "fee_type": "Level", "fee_amount": 2700, "fee_receipt_no": 6757, "level": 2, "date_of_payment": "2018-07-08", "balance": 0, "due": 0, "months": [8, 4, 7]}}, {"model": "main.feerecord", "pk": 77, "fields": {"student": 45, "fee_type": "Level", "fee_amount": 2700, "fee_receipt_no": 6742, "level": 2, "date_of_payment": "2018-07-08", "balance": 0, "due": 0, "months": [8, 4, 7]}}, {"model": "main.feerecord", "pk": 78, "fields": {"student": 45, "fee_type": "Exam", "fee_amount": 200, "fee_receipt_no": 6742, "level": 2, "date_of_payment": "2018-07-08", "balance": 0, "due": 0, "months": [4]}}, {"model": "main.feerecord", "pk": 79, "fields": {"student": 67, "fee_type": "Level", "fee_amount": 2700, "fee_receipt_no": 6715, "level": 3, "date_of_payment": "2018-06-29", "balance": 0, "due": 0, "months": [4, 6, 7]}}, {"model": "main.feerecord", "pk": 80, "fields": {"student": 67, "fee_type": "Exam", "fee_amount": 200, "fee_receipt_no": 6715, "level": 3, "date_of_payment": "2018-06-29", "balance": 0, "due": 0, "months": [7]}}, {"model": "main.feerecord", "pk": 81, "fields": {"student": 68, "fee_type": "Level", "fee_amount": 2700, "fee_receipt_no": 6745, "level": 3, "date_of_payment": "2018-04-29", "balance": 0, "due": 0, "months": [4, 6, 7]}}, {"model": "main.feerecord", "pk": 82, "fields": {"student": 69, "fee_type": "Month", "fee_amount": 900, "fee_receipt_no": 6709, "level": 3, "date_of_payment": "2018-04-29", "balance": 0, "due": 0, "months": [4]}}, {"model": "main.feerecord", "pk": 83, "fields": {"student": 69, "fee_type": "Month", "fee_amount": 900, "fee_receipt_no": 1444, "level": 3, "date_of_payment": "2018-04-29", "balance": 0, "due": 0, "months": [6]}}, {"model": "main.feerecord", "pk": 84, "fields": {"student": 70, "fee_type": "Month", "fee_amount": 900, "fee_receipt_no": 6709, "level": 3, "date_of_payment": "2018-04-29", "balance": 0, "due": 0, "months": [4]}}, {"model": "main.feerecord", "pk": 85, "fields": {"student": 70, "fee_type": "Month", "fee_amount": 900, "fee_receipt_no": 1444, "level": 3, "date_of_payment": "2018-04-29", "balance": 0, "due": 0, "months": [6]}}, {"model": "main.feerecord", "pk": 86, "fields": {"student": 72, "fee_type": "Month", "fee_amount": 900, "fee_receipt_no": 6717, "level": 3, "date_of_payment": "2018-04-20", "balance": 0, "due": 0, "months": [4]}}, {"model": "main.feerecord", "pk": 87, "fields": {"student": 71, "fee_type": "Month", "fee_amount": 900, "fee_receipt_no": 6717, "level": 3, "date_of_payment": "2018-04-20", "balance": 0, "due": 0, "months": [4]}}, {"model": "main.feerecord", "pk": 88, "fields": {"student": 102, "fee_type": "Level", "fee_amount": 2700, "fee_receipt_no": 6359, "level": 7, "date_of_payment": "2018-07-21", "balance": 0, "due": 0, "months": [8, 7, 9]}}, {"model": "main.feerecord", "pk": 89, "fields": {"student": 98, "fee_type": "Level", "fee_amount": 2700, "fee_receipt_no": 6356, "level": 7, "date_of_payment": "2018-07-21", "balance": 0, "due": 0, "months": [8, 7, 9]}}, {"model": "main.feerecord", "pk": 92, "fields": {"student": 98, "fee_type": "Exam", "fee_amount": 200, "fee_receipt_no": 6356, "level": 7, "date_of_payment": "2018-07-21", "balance": 0, "due": 0, "months": [9]}}, {"model": "main.feerecord", "pk": 93, "fields": {"student": 119, "fee_type": "Month", "fee_amount": 900, "fee_receipt_no": 6332, "level": 12, "date_of_payment": "2018-07-09", "balance": 0, "due": 0, "months": [4]}}, {"model": "main.feerecord", "pk": 94, "fields": {"student": 119, "fee_type": "Month", "fee_amount": 900, "fee_receipt_no": 6332, "level": 12, "date_of_payment": "2018-06-09", "balance": 0, "due": 0, "months": [6]}}, {"model": "main.feerecord", "pk": 95, "fields": {"student": 135, "fee_type": "Month", "fee_amount": 900, "fee_receipt_no": 6357, "level": 9, "date_of_payment": "2018-07-21", "balance": 0, "due": 0, "months": [6]}}, {"model": "main.feerecord", "pk": 96, "fields": {"student": 135, "fee_type": "Month", "fee_amount": 900, "fee_receipt_no": 6357, "level": 9, "date_of_payment": "2018-07-21", "balance": 0, "due": 0, "months": [7]}}, {"model": "main.feerecord", "pk": 97, "fields": {"student": 121, "fee_type": "Level", "fee_amount": 2700, "fee_receipt_no": 6358, "level": 12, "date_of_payment": "2018-07-21", "balance": 0, "due": 0, "months": [4, 6, 7]}}, {"model": "main.feerecord", "pk": 99, "fields": {"student": 116, "fee_type": "Month", "fee_amount": 900, "fee_receipt_no": 6355, "level": 3, "date_of_payment": "2018-07-21", "balance": 0, "due": 0, "months": [7]}}, {"model": "main.feerecord", "pk": 100, "fields": {"student": 116, "fee_type": "Month", "fee_amount": 900, "fee_receipt_no": 6355, "level": 3, "date_of_payment": "2018-07-21", "balance": 0, "due": 0, "months": [8]}}, {"model": "main.feerecord", "pk": 101, "fields": {"student": 85, "fee_type": "Level", "fee_amount": 2700, "fee_receipt_no": 6768, "level": 5, "date_of_payment": "2018-07-21", "balance": 0, "due": 0, "months": [8, 6, 7]}}, {"model": "main.feerecord", "pk": 102, "fields": {"student": 85, "fee_type": "Exam", "fee_amount": 200, "fee_receipt_no": 6768, "level": 5, "date_of_payment": "2018-07-21", "balance": 0, "due": 0, "months": [8]}}, {"model": "main.feerecord", "pk": 104, "fields": {"student": 129, "fee_type": "Level", "fee_amount": 2700, "fee_receipt_no": 6354, "level": 2, "date_of_payment": "2018-07-18", "balance": 0, "due": 0, "months": [8, 6, 7]}}, {"model": "main.feerecord", "pk": 105, "fields": {"student": 129, "fee_type": "Exam", "fee_amount": 200, "fee_receipt_no": 6354, "level": 2, "date_of_payment": "2018-07-18", "balance": 0, "due": 0, "months": [8]}}, {"model": "main.feerecord", "pk": 107, "fields": {"student": 127, "fee_type": "Level", "fee_amount": 2700, "fee_receipt_no": 6353, "level": 2, "date_of_payment": "2018-07-15", "balance": 0, "due": 0, "months": [8, 6, 7]}}, {"model": "main.feerecord", "pk": 108, "fields": {"student": 127, "fee_type": "Exam", "fee_amount": 200, "fee_receipt_no": 6353, "level": 2, "date_of_payment": "2018-07-15", "balance": 0, "due": 0, "months": [8]}}, {"model": "main.feerecord", "pk": 110, "fields": {"student": 130, "fee_type": "Exam", "fee_amount": 200, "fee_receipt_no": 6352, "level": 2, "date_of_payment": "2018-07-15", "balance": 0, "due": 0, "months": [2]}}, {"model": "main.feerecord", "pk": 111, "fields": {"student": 130, "fee_type": "Level", "fee_amount": 2700, "fee_receipt_no": 6352, "level": 2, "date_of_payment": "2018-07-15", "balance": 0, "due": 0, "months": [2, 6, 7]}}, {"model": "main.feerecord", "pk": 112, "fields": {"student": 134, "fee_type": "Level", "fee_amount": 2700, "fee_receipt_no": 6351, "level": 2, "date_of_payment": "2018-07-15", "balance": 0, "due": 0, "months": [8, 6, 7]}}, {"model": "main.feerecord", "pk": 114, "fields": {"student": 134, "fee_type": "Exam", "fee_amount": 200, "fee_receipt_no": 6351, "level": 2, "date_of_payment": "2018-07-15", "balance": 0, "due": 0, "months": [8]}}, {"model": "main.feerecord", "pk": 115, "fields": {"student": 123, "fee_type": "Month", "fee_amount": 900, "fee_receipt_no": 6312, "level": 12, "date_of_payment": "2018-04-09", "balance": 0, "due": 0, "months": [4]}}, {"model": "main.feerecord", "pk": 116, "fields": {"student": 123, "fee_type": "Month", "fee_amount": 900, "fee_receipt_no": 6319, "level": 12, "date_of_payment": "2018-06-09", "balance": 0, "due": 0, "months": [6]}}, {"model": "main.feerecord", "pk": 118, "fields": {"student": 123, "fee_type": "Month", "fee_amount": 900, "fee_receipt_no": 6319, "level": 12, "date_of_payment": "2018-07-14", "balance": 0, "due": 0, "months": [7]}}, {"model": "main.feerecord", "pk": 119, "fields": {"student": 124, "fee_type": "Level", "fee_amount": 2700, "fee_receipt_no": 6349, "level": 2, "date_of_payment": "2018-07-14", "balance": 0, "due": 0, "months": [8, 6, 7]}}, {"model": "main.feerecord", "pk": 120, "fields": {"student": 124, "fee_type": "Exam", "fee_amount": 200, "fee_receipt_no": 6349, "level": 2, "date_of_payment": "2018-07-14", "balance": 0, "due": 0, "months": [8]}}, {"model": "main.feerecord", "pk": 121, "fields": {"student": 102, "fee_type": "Exam", "fee_amount": 200, "fee_receipt_no": 6359, "level": 7, "date_of_payment": "2018-07-21", "balance": 0, "due": 0, "months": [9]}}]